"rank","feature"
1,"204750_s_at"
2,"204825_at"
3,"205225_at"
4,"210084_x_at"
5,"213134_x_at"
6,"205548_s_at"
7,"203999_at"
8,"212956_at"
9,"203693_s_at"
10,"210052_s_at"
11,"212960_at"
12,"214440_at"
13,"212099_at"
14,"204822_at"
15,"203702_s_at"
16,"213032_at"
17,"209204_at"
18,"219051_x_at"
19,"209289_at"
20,"218211_s_at"
21,"200718_s_at"
22,"209604_s_at"
23,"222275_at"
24,"209623_at"
25,"221524_s_at"
26,"216092_s_at"
27,"213029_at"
28,"209290_s_at"
29,"206373_at"
30,"202870_s_at"
31,"214431_at"
32,"209644_x_at"
33,"214428_x_at"
34,"204400_at"
35,"215034_s_at"
36,"206194_at"
37,"206392_s_at"
38,"218902_at"
39,"202263_at"
40,"202134_s_at"
41,"206391_at"
42,"203038_at"
43,"212638_s_at"
44,"218259_at"
45,"221872_at"
46,"208451_s_at"
47,"209832_s_at"
48,"204962_s_at"
49,"218726_at"
50,"221986_s_at"
51,"222039_at"
52,"216237_s_at"
53,"212492_s_at"
54,"201231_s_at"
55,"204623_at"
56,"205696_s_at"
57,"214164_x_at"
58,"214053_at"
59,"209122_at"
60,"219874_at"
61,"206869_at"
62,"209114_at"
63,"200934_at"
64,"210735_s_at"
65,"202589_at"
66,"215867_x_at"
67,"203963_at"
68,"218532_s_at"
69,"200052_s_at"
70,"202107_s_at"
71,"218236_s_at"
72,"209386_at"
73,"221203_s_at"
74,"203712_at"
75,"219197_s_at"
76,"204315_s_at"
77,"210024_s_at"
78,"202933_s_at"
79,"221864_at"
80,"203418_at"
81,"219752_at"
82,"214109_at"
83,"204012_s_at"
84,"209173_at"
85,"209781_s_at"
86,"201663_s_at"
87,"212022_s_at"
88,"207039_at"
89,"211466_at"
90,"206754_s_at"
91,"221934_s_at"
92,"210074_at"
93,"203066_at"
94,"209421_at"
95,"209603_at"
96,"209408_at"
97,"203397_s_at"
98,"205074_at"
99,"202240_at"
100,"202341_s_at"
